{
"width": 3804, "height": 4649,
"format": "jpg",
"type":"hsh",
"colorspace":"rgb",
"lights": [-0.348, -0.928, 0.135, -0.068, -0.989, 0.131, 0.311, -0.798, 0.516, 0.708, -0.484, 0.514, 0.890, -0.384, 0.245, 0.964, -0.140, 0.228, 0.832, 0.153, 0.533, 0.651, 0.559, 0.514, 0.656, 0.673, 0.342, 0.493, 0.866, 0.078, 0.194, 0.838, 0.510, -0.172, 0.848, 0.502, -0.244, 0.909, 0.337, -0.500, 0.825, 0.265, -0.680, 0.528, 0.508, -0.858, 0.191, 0.476, -0.966, 0.152, 0.211, -0.981, -0.075, 0.177, -0.777, 0.004, 0.629, -0.605, 0.056, 0.794, -0.493, -0.096, 0.865, -0.513, -0.334, 0.791, -0.210, -0.519, 0.828, -0.183, -0.743, 0.644, 0.026, -0.365, 0.931, 0.306, -0.448, 0.840, 0.479, -0.231, 0.847, 0.692, -0.223, 0.687, 0.408, -0.012, 0.913, 0.521, 0.193, 0.832, 0.430, 0.409, 0.805, 0.490, 0.588, 0.644, 0.202, 0.408, 0.890, 0.042, 0.601, 0.798, -0.220, 0.556, 0.801, -0.326, 0.681, 0.656, -0.302, 0.363, 0.881, -0.555, 0.288, 0.780],
"nplanes": 12,
"quality": 95,
"materials": [
{
 "scale": [1.87569,1.71996,1.65055,1.63344,1.48975,1.51489,1.38136,1.38199,1.34259,1.66782,1.53254,1.55505],
 "bias": [-0.0599786,-0.0400354,-0.0536758,0.42356,0.372187,0.379482,0.0971813,0.158126,0.148085,0.418794,0.344797,0.344306] }
]
}
