{
"width": 3647, "height": 5050,
"format": "jpg",
"type":"hsh",
"colorspace":"rgb",
"lights": [0.333, 0.937, 0.102, 0.024, 0.997, 0.074, -0.340, 0.815, 0.469, -0.749, 0.458, 0.479, -0.910, 0.364, 0.198, -0.971, 0.130, 0.201, -0.843, -0.159, 0.514, -0.658, -0.542, 0.522, -0.670, -0.649, 0.361, -0.486, -0.867, 0.110, -0.231, -0.816, 0.530, 0.121, -0.834, 0.538, 0.197, -0.898, 0.394, 0.411, -0.908, 0.081, 0.614, -0.547, 0.568, 0.831, -0.216, 0.513, 0.947, -0.164, 0.278, 0.978, 0.053, 0.203, 0.753, -0.027, 0.657, 0.581, -0.073, 0.810, 0.446, 0.105, 0.889, 0.479, 0.329, 0.814, 0.187, 0.516, 0.836, 0.167, 0.750, 0.640, -0.056, 0.368, 0.928, -0.340, 0.438, 0.833, -0.502, 0.232, 0.833, -0.710, 0.229, 0.665, -0.437, 0.014, 0.899, -0.541, -0.189, 0.819, -0.448, -0.394, 0.803, -0.507, -0.576, 0.641, -0.233, -0.393, 0.889, -0.099, -0.583, 0.806, 0.174, -0.544, 0.821, 0.245, -0.694, 0.677, 0.265, -0.333, 0.905, 0.498, -0.294, 0.816],
"nplanes": 12,
"quality": 95,
"materials": [
{
 "scale": [2.05928,1.87015,1.84428,1.70039,1.65109,1.64526,1.46199,1.49109,1.51258,1.78782,1.6833,1.66954],
 "bias": [-0.0234692,-0.0133681,-0.0282744,0.393757,0.37836,0.372797,0.0947293,0.179566,0.210651,0.422498,0.42419,0.428443] }
]
}
