{
"width": 6000, "height": 4000,
"format": "jpg",
"type":"ptm",
"colorspace":"lrgb",
"lights": [-0.382, -0.303, 0.873, 0.922, -0.364, 0.130, 0.992, -0.047, 0.121, 0.789, 0.331, 0.518, 0.421, 0.748, 0.513, 0.330, 0.917, 0.224, 0.088, 0.973, 0.216, -0.212, 0.833, 0.511, -0.595, 0.639, 0.487, -0.695, 0.648, 0.312, -0.840, 0.477, 0.260, -0.863, 0.204, 0.463, -0.877, -0.141, 0.460, -0.929, -0.214, 0.303, -0.857, -0.464, 0.226, -0.597, -0.630, 0.496, -0.263, -0.851, 0.454, -0.206, -0.957, 0.205, 0.008, -0.990, 0.140, -0.091, -0.778, 0.622, -0.126, -0.609, 0.783, 0.049, -0.480, 0.876, 0.285, -0.506, 0.814, 0.473, -0.217, 0.854, 0.717, -0.195, 0.669, 0.317, 0.030, 0.948, 0.392, 0.322, 0.862, 0.182, 0.488, 0.854, 0.183, 0.704, 0.687, -0.044, 0.419, 0.907, -0.247, 0.526, 0.814, -0.454, 0.429, 0.781, -0.632, 0.487, 0.603, -0.453, 0.209, 0.866, -0.641, 0.076, 0.763, -0.601, -0.200, 0.774, -0.744, -0.269, 0.612, -0.392, -0.292, 0.872, -0.351, -0.528, 0.773],
"nplanes": 9,
"quality": 95,
"materials": [
{
 "scale": [1,1,1,7.08503,7.52637,7.8494,9.25511,10.488,10.3161],
 "bias": [0,0,0,-0.0395894,0.23025,0.41122,0.468564,0.447654,0.501829] }
]
}
