{
"width": 4072, "height": 2907,
"format": "jpg",
"type":"hsh",
"colorspace":"rgb",
"lights": [-0.921, 0.361, 0.147, -0.988, 0.041, 0.151, -0.801, -0.307, 0.514, -0.441, -0.735, 0.515, -0.366, -0.900, 0.238, -0.119, -0.966, 0.230, 0.184, -0.836, 0.518, 0.580, -0.649, 0.493, 0.676, -0.668, 0.312, 0.829, -0.490, 0.271, 0.857, -0.196, 0.476, 0.861, 0.139, 0.489, 0.928, 0.240, 0.284, 0.844, 0.479, 0.240, 0.559, 0.658, 0.504, 0.226, 0.855, 0.466, 0.178, 0.962, 0.209, -0.057, 0.983, 0.175, 0.034, 0.781, 0.624, 0.098, 0.606, 0.789, -0.077, 0.471, 0.879, -0.316, 0.489, 0.813, -0.487, 0.219, 0.846, -0.734, 0.181, 0.655, -0.348, -0.043, 0.937, -0.416, -0.307, 0.856, -0.203, -0.485, 0.851, -0.216, -0.692, 0.689, 0.028, -0.421, 0.906, 0.219, -0.526, 0.822, 0.431, -0.429, 0.794, 0.618, -0.499, 0.608, 0.433, -0.208, 0.877, 0.624, -0.062, 0.779, 0.591, 0.197, 0.782, 0.723, 0.276, 0.633, 0.369, 0.297, 0.880, 0.323, 0.532, 0.782],
"nplanes": 12,
"quality": 95,
"materials": [
{
 "scale": [1.81221,1.61705,1.52276,1.94074,1.57896,1.46127,1.38859,1.24858,1.21641,1.91214,1.55919,1.44364],
 "bias": [-0.0937588,-0.0931947,-0.0313803,0.492054,0.370431,0.315178,0.050231,-0.00141011,0.00453504,0.491271,0.369131,0.322315] }
]
}
