{
"width": 4005, "height": 2882,
"format": "jpg",
"type":"hsh",
"colorspace":"rgb",
"lights": [-0.918, 0.376, 0.129, -0.996, 0.060, 0.068, -0.821, -0.310, 0.480, -0.485, -0.718, 0.499, -0.382, -0.902, 0.201, -0.134, -0.971, 0.199, 0.176, -0.839, 0.516, 0.561, -0.653, 0.509, 0.669, -0.660, 0.340, 0.823, -0.489, 0.290, 0.843, -0.193, 0.503, 0.834, 0.137, 0.534, 0.918, 0.240, 0.317, 0.830, 0.479, 0.286, 0.541, 0.661, 0.520, 0.223, 0.854, 0.470, 0.147, 0.959, 0.244, -0.050, 0.985, 0.163, 0.034, 0.772, 0.634, 0.080, 0.606, 0.791, -0.092, 0.484, 0.870, -0.329, 0.498, 0.802, -0.503, 0.247, 0.828, -0.752, 0.197, 0.629, -0.355, -0.007, 0.935, -0.444, -0.322, 0.836, -0.233, -0.491, 0.840, -0.239, -0.703, 0.670, 0.026, -0.422, 0.906, 0.212, -0.521, 0.827, 0.408, -0.432, 0.804, 0.599, -0.498, 0.626, 0.420, -0.202, 0.885, 0.609, -0.054, 0.791, 0.575, 0.190, 0.796, 0.693, 0.284, 0.662, 0.350, 0.298, 0.888, 0.319, 0.539, 0.780],
"nplanes": 12,
"quality": 95,
"materials": [
{
 "scale": [1.86746,1.47304,1.42979,1.93982,1.57894,1.44318,1.34145,1.19113,1.17629,1.90017,1.53855,1.39834],
 "bias": [-0.086116,-0.107412,-0.022298,0.496398,0.377346,0.315074,0.040482,-0.00945015,0.0224634,0.487881,0.363553,0.297358] }
]
}
