{
"width": 4072, "height": 2907,
"format": "jpg",
"type":"hsh",
"colorspace":"rgb",
"lights": [0.927, -0.347, 0.139, 0.989, 0.012, 0.145, 0.782, 0.353, 0.513, 0.444, 0.751, 0.489, 0.375, 0.900, 0.222, 0.130, 0.971, 0.201, -0.167, 0.847, 0.506, -0.565, 0.670, 0.481, -0.657, 0.694, 0.294, -0.827, 0.509, 0.237, -0.844, 0.251, 0.475, -0.867, -0.113, 0.486, -0.925, -0.206, 0.319, -0.868, -0.443, 0.224, -0.575, -0.627, 0.526, -0.219, -0.847, 0.484, -0.169, -0.958, 0.232, 0.081, -0.978, 0.191, -0.026, -0.777, 0.629, -0.090, -0.604, 0.792, 0.095, -0.422, 0.902, 0.338, -0.451, 0.826, 0.514, -0.164, 0.842, 0.766, -0.136, 0.629, 0.349, 0.089, 0.933, 0.422, 0.322, 0.848, 0.211, 0.511, 0.833, 0.221, 0.716, 0.662, -0.000, 0.447, 0.894, -0.204, 0.549, 0.811, -0.419, 0.455, 0.786, -0.604, 0.527, 0.598, -0.414, 0.239, 0.879, -0.619, 0.102, 0.779, -0.584, -0.175, 0.792, -0.727, -0.251, 0.639, -0.369, -0.266, 0.891, -0.315, -0.500, 0.807],
"nplanes": 12,
"quality": 95,
"materials": [
{
 "scale": [1.76859,1.73913,1.7284,1.77478,1.54798,1.46491,1.25181,1.15465,1.15805,1.75802,1.52287,1.4135],
 "bias": [-0.0144352,-0.0408678,-0.0038883,0.508133,0.437015,0.416448,0.0367688,0.00538784,0.0140058,0.493774,0.420328,0.382808] }
]
}
