{
"width": 2700, "height": 3637,
"format": "jpg",
"type":"hsh",
"colorspace":"rgb",
"lights": [0.522, 0.820, 0.235, 0.304, 0.931, 0.200, -0.007, 0.873, 0.487, -0.401, 0.818, 0.413, -0.508, 0.835, 0.214, -0.649, 0.750, 0.124, -0.751, 0.480, 0.454, -0.881, 0.078, 0.467, -0.955, 0.023, 0.294, -0.942, -0.252, 0.223, -0.744, -0.467, 0.477, -0.412, -0.785, 0.462, -0.371, -0.895, 0.248, -0.111, -0.983, 0.145, 0.289, -0.809, 0.512, 0.731, -0.461, 0.504, 0.893, -0.403, 0.199, 0.989, -0.015, 0.148, 0.687, -0.178, 0.705, 0.472, -0.185, 0.862, 0.360, 0.064, 0.931, 0.459, 0.314, 0.831, 0.272, 0.533, 0.801, 0.333, 0.713, 0.617, 0.073, 0.520, 0.851, -0.079, 0.628, 0.774, -0.331, 0.591, 0.735, -0.444, 0.693, 0.569, -0.393, 0.384, 0.836, -0.585, 0.283, 0.760, -0.617, 0.031, 0.786, -0.749, -0.076, 0.659, -0.447, -0.113, 0.887, -0.468, -0.391, 0.792, -0.217, -0.516, 0.828, -0.215, -0.731, 0.648, -0.002, -0.332, 0.943, 0.291, -0.373, 0.881],
"nplanes": 12,
"quality": 95,
"materials": [
{
 "scale": [1.79238,1.76648,1.82915,1.79741,1.57854,1.45947,1.27868,1.21398,1.23862,1.80359,1.5888,1.47755],
 "bias": [-0.0554586,-0.0634534,-0.00725849,0.513816,0.441277,0.390427,0.0347542,0.0124425,0.028105,0.49871,0.441282,0.419433] }
]
}
