{
"width": 2912, "height": 3796,
"format": "jpg",
"type":"hsh",
"colorspace":"rgb",
"lights": [-0.329, -0.936, 0.123, 0.017, -0.993, 0.120, 0.364, -0.789, 0.495, 0.755, -0.418, 0.505, 0.909, -0.339, 0.244, 0.972, -0.095, 0.217, 0.831, 0.197, 0.519, 0.645, 0.575, 0.503, 0.679, 0.724, 0.120, 0.483, 0.870, 0.099, 0.210, 0.852, 0.479, -0.138, 0.844, 0.517, -0.231, 0.930, 0.287, -0.475, 0.846, 0.241, -0.660, 0.551, 0.511, -0.854, 0.209, 0.477, -0.966, 0.143, 0.215, -0.982, -0.088, 0.166, -0.772, 0.033, 0.635, -0.619, 0.088, 0.780, -0.441, -0.106, 0.891, -0.478, -0.343, 0.809, -0.179, -0.509, 0.842, -0.135, -0.759, 0.637, 0.072, -0.352, 0.933, 0.333, -0.413, 0.848, 0.505, -0.210, 0.837, 0.706, -0.221, 0.673, 0.434, 0.021, 0.901, 0.522, 0.232, 0.821, 0.422, 0.425, 0.801, 0.496, 0.609, 0.619, 0.206, 0.430, 0.879, 0.052, 0.621, 0.782, -0.173, 0.589, 0.789, -0.281, 0.711, 0.645, -0.295, 0.357, 0.886, -0.533, 0.308, 0.788],
"nplanes": 12,
"quality": 95,
"materials": [
{
 "scale": [1.9188,1.7866,1.79456,1.90692,1.55109,1.44754,1.34001,1.21316,1.22003,1.93684,1.61335,1.51586],
 "bias": [-0.000778044,-0.0458211,-0.00471501,0.491557,0.383633,0.335597,9.37901e-05,-0.0222064,-0.00231438,0.486031,0.395311,0.360549] }
]
}
